	name	hieght	weight	bmi
0	mariya	172	23	0.0007774472687939426
1	spongebob	134	43	0.002394742704388505
2	batman	122	55	0.003695243214189734
